<?xml version="1.0" encoding="UTF-8"?>

<?xml-stylesheet href="http://moise.sourceforge.net/xml/os.xsl" type="text/xsl" ?>

<organisational-specification
    id="sync_scheme"
    os-version="0.8"

    xmlns='http://moise.sourceforge.net/os'
    xmlns:xsi='http://www.w3.org/2001/XMLSchema-instance'
    xsi:schemaLocation='http://moise.sourceforge.net/os
                        http://moise.sourceforge.net/xml/os.xsd' >

<functional-specification>
    <scheme id="scheme1">
        <goal id="goal1">
            <plan operator="sequence">
                <goal id="goToP1">
                  <argument id="Lat" value="-27.604635"/>
                  <argument id="Lon" value="-48.521165"/>
                  <argument id="Alt" value="10"/>
                </goal>
                <goal id="goToP2">
                  <argument id="Lat" value="-27.604635"/>
                  <argument id="Lon" value="-48.521165"/>
                  <argument id="Alt" value="20"/>
                </goal>
                <goal id="returnHome1"/>
                <goal id="returnHome2"/>
            </plan>
        </goal>

        <mission id="missionA" min="1" max="1">
            <goal id="goToP1"/>
            <goal id="returnHome1"/>
        </mission>
        <mission id="missionB" min="1" max="1">
            <goal id="goToP2"/>
            <goal id="returnHome2"/>
        </mission>
    </scheme>
</functional-specification>

<normative-specification>
    <properties>
        <property id="default_management"  value="ignore" />
    </properties>
</normative-specification>

</organisational-specification>
